year,AK,AL,AR,AZ,CA,CO,CT,DC,DE,FED,FL,GA,HI,IA,ID,IL,IN,KS,KY,LA,MA,MD,ME,MI,MN,MO,MS,MT,NC,ND,NE,NH,NJ,NM,NV,NY,OH,OK,OR,PA,RI,SC,SD,TN,TX,UT,VA,VT,WA,WI,WV,WY,cpi
1968-01-01,15.16025923145394,11.550673700155384,11.550673700155384,11.550673700155384,11.911632253285237,9.023963828246393,10.106839487635957,11.550673700155384,9.023963828246393,11.550673700155384,11.550673700155384,11.550673700155384,9.023963828246393,11.550673700155384,8.30204672198668,11.550673700155384,8.30204672198668,11.550673700155384,5.4143782969478345,11.550673700155384,11.550673700155384,8.30204672198668,10.106839487635957,9.023963828246393,8.30204672198668,11.550673700155384,11.550673700155384,11.550673700155384,7.2191710625971135,9.023963828246393,7.2191710625971135,10.106839487635957,10.106839487635957,10.106839487635957,9.023963828246393,11.550673700155384,9.023963828246393,7.2191710625971135,9.023963828246393,8.30204672198668,10.106839487635957,11.550673700155384,11.550673700155384,11.550673700155384,11.550673700155384,8.30204672198668,11.550673700155384,10.106839487635957,11.550673700155384,9.023963828246393,7.2191710625971135,8.663005275116536,14.6754592849177
1969-01-01,14.375039080438203,10.952410727952916,10.952410727952916,10.952410727952916,11.294673563201442,8.556570881213215,9.583359386958799,10.952410727952916,8.556570881213215,10.952410727952916,10.952410727952916,10.952410727952916,8.556570881213215,10.952410727952916,7.872045210716157,10.952410727952916,7.872045210716157,10.952410727952916,5.133942528727928,10.952410727952916,10.952410727952916,7.872045210716157,9.583359386958799,8.556570881213215,7.872045210716157,10.952410727952916,10.952410727952916,10.952410727952916,6.845256704970572,8.556570881213215,6.845256704970572,9.583359386958799,9.583359386958799,9.583359386958799,8.556570881213215,10.952410727952916,8.556570881213215,6.845256704970572,8.556570881213215,7.872045210716157,9.583359386958799,10.952410727952916,10.952410727952916,10.952410727952916,10.952410727952916,7.872045210716157,10.952410727952916,9.583359386958799,10.952410727952916,8.556570881213215,6.845256704970572,8.214308045964685,15.4770895477258
1970-01-01,13.582082428007949,10.348253278482249,7.1144241289565455,10.348253278482249,10.671636193434816,8.084572873814256,10.348253278482249,10.348253278482249,8.084572873814256,10.348253278482249,10.348253278482249,10.348253278482249,10.348253278482249,10.348253278482249,8.084572873814256,10.348253278482249,8.084572873814256,10.348253278482249,4.850743724288552,10.348253278482249,10.348253278482249,8.407955788766825,10.348253278482249,8.084572873814256,7.437807043909114,10.348253278482249,10.348253278482249,10.348253278482249,8.084572873814256,9.378104533624535,6.467658299051404,10.348253278482249,9.701487448577105,10.348253278482249,8.407955788766825,10.348253278482249,8.084572873814256,6.467658299051404,8.084572873814256,8.407955788766825,10.348253278482249,10.348253278482249,6.467658299051404,10.348253278482249,10.348253278482249,7.437807043909114,10.348253278482249,10.348253278482249,10.348253278482249,8.407955788766825,6.467658299051404,8.407955788766825,16.3806815544876
1971-01-01,13.023033964208475,9.922311591777886,6.821589219347296,9.922311591777886,10.232383829020943,7.751805931076473,9.922311591777886,9.922311591777886,7.751805931076473,9.922311591777886,9.922311591777886,9.922311591777886,9.922311591777886,9.922311591777886,7.751805931076473,9.922311591777886,7.751805931076473,9.922311591777886,4.651083558645883,9.922311591777886,9.922311591777886,8.06187816831953,9.922311591777886,7.751805931076473,7.131661456590354,9.922311591777886,9.922311591777886,9.922311591777886,7.751805931076473,8.992094880048707,6.2014447448611785,9.922311591777886,9.302167117291766,9.922311591777886,8.06187816831953,9.922311591777886,7.751805931076473,6.2014447448611785,7.751805931076473,8.06187816831953,9.922311591777886,9.922311591777886,6.2014447448611785,9.922311591777886,9.922311591777886,7.131661456590354,9.922311591777886,9.922311591777886,9.922311591777886,8.06187816831953,6.2014447448611785,8.06187816831953,17.0838659955474
1972-01-01,12.61038701317033,9.607913914796443,7.20593543609733,9.607913914796443,9.90816122463383,7.50618274593472,11.109150463983385,9.607913914796443,9.607913914796443,9.607913914796443,9.607913914796443,7.50618274593472,9.607913914796443,9.607913914796443,8.406924675446884,8.406924675446884,7.50618274593472,9.607913914796443,4.503709647560831,9.607913914796443,10.508655844308606,9.607913914796443,10.808903154145996,9.607913914796443,9.607913914796443,9.607913914796443,9.607913914796443,9.607913914796443,8.707171985284274,8.707171985284274,6.004946196747776,9.607913914796443,9.007419295121663,9.607913914796443,9.607913914796443,11.109150463983385,7.50618274593472,8.406924675446884,7.50618274593472,9.607913914796443,9.607913914796443,9.607913914796443,6.004946196747776,9.607913914796443,8.406924675446884,8.106677365609498,9.607913914796443,9.607913914796443,9.607913914796443,8.707171985284274,7.20593543609733,9.007419295121663,17.64289762619
1973-01-01,11.876674555572247,9.048894899483619,6.786671174612712,9.048894899483619,9.331672865092479,7.069449140221576,10.462784727527932,9.048894899483619,9.048894899483619,9.048894899483619,9.048894899483619,7.069449140221576,9.048894899483619,9.048894899483619,7.917783037048164,7.917783037048164,7.069449140221576,9.048894899483619,4.241669484132945,9.048894899483619,9.897228796310205,9.048894899483619,10.18000676191907,9.048894899483619,9.048894899483619,9.048894899483619,9.048894899483619,9.048894899483619,8.200561002657027,8.200561002657027,5.655559312177261,9.048894899483619,8.48333896826589,9.048894899483619,9.048894899483619,10.462784727527932,7.069449140221576,7.917783037048164,7.069449140221576,9.048894899483619,9.048894899483619,9.048894899483619,5.655559312177261,9.048894899483619,7.917783037048164,7.635005071439303,9.048894899483619,9.048894899483619,9.048894899483619,8.200561002657027,6.786671174612712,8.48333896826589,18.7328335098326
1974-01-01,10.694426572940477,8.148134531764175,6.111100898823129,8.148134531764175,8.402763735881802,6.36573010294076,9.421280552352325,8.148134531764175,8.148134531764175,8.148134531764175,8.148134531764175,6.36573010294076,8.148134531764175,8.148134531764175,7.129617715293651,7.129617715293651,6.36573010294076,8.148134531764175,3.8194380617644557,8.148134531764175,8.912022144117064,8.148134531764175,9.166651348234694,8.148134531764175,8.148134531764175,8.148134531764175,8.148134531764175,8.148134531764175,7.384246919411281,7.384246919411281,5.092584082352608,8.148134531764175,7.638876123528911,8.148134531764175,8.148134531764175,9.421280552352325,6.36573010294076,7.129617715293651,6.36573010294076,8.148134531764175,8.148134531764175,8.148134531764175,5.092584082352608,8.148134531764175,7.129617715293651,6.874988511176022,8.148134531764175,8.148134531764175,8.148134531764175,7.384246919411281,6.111100898823129,7.638876123528911,20.8037116887537
1975-01-01,9.798532367929521,7.465548470803445,5.599161353102583,7.465548470803445,7.698846860516051,5.832459742815192,8.632040419366483,7.465548470803445,7.465548470803445,7.465548470803445,7.465548470803445,5.832459742815192,7.465548470803445,7.465548470803445,6.532354911953012,6.532354911953012,5.832459742815192,7.465548470803445,3.499475845689114,7.465548470803445,8.165443639941268,7.465548470803445,8.398742029653876,7.465548470803445,7.465548470803445,7.465548470803445,7.465548470803445,7.465548470803445,6.765653301665622,6.765653301665622,4.665967794252153,7.465548470803445,6.998951691378228,7.465548470803445,7.465548470803445,8.632040419366483,5.832459742815192,6.532354911953012,5.832459742815192,7.465548470803445,7.465548470803445,7.465548470803445,4.665967794252153,7.465548470803445,6.532354911953012,6.299056522240407,7.465548470803445,7.465548470803445,7.465548470803445,6.765653301665622,5.599161353102583,6.998951691378228,22.7058256018204
1976-01-01,12.35494157896985,10.148702011296663,8.383710357158114,10.148702011296663,8.824958270692752,5.51559891918297,10.192826802650128,10.148702011296663,8.824958270692752,10.148702011296663,10.148702011296663,5.51559891918297,10.5899499248313,10.148702011296663,7.0599666165542025,9.26620618422739,5.51559891918297,10.148702011296663,7.0599666165542025,10.148702011296663,9.26620618422739,10.148702011296663,10.148702011296663,9.707454097762028,7.9424624436234765,10.148702011296663,10.148702011296663,7.9424624436234765,8.824958270692752,10.148702011296663,7.0599666165542025,10.148702011296663,9.707454097762028,8.824958270692752,10.148702011296663,10.148702011296663,7.0599666165542025,7.9424624436234765,10.148702011296663,9.707454097762028,10.148702011296663,10.148702011296663,8.824958270692752,10.148702011296663,6.177470789484925,7.501214530088839,8.824958270692752,10.148702011296663,10.148702011296663,9.26620618422739,8.824958270692752,7.0599666165542025,24.0102327399863
1977-01-01,11.600700679607476,9.529146986820427,7.871904032590788,9.529146986820427,8.286214771148197,5.178884231967624,9.57057806067617,9.529146986820427,8.286214771148197,9.529146986820427,9.529146986820427,5.178884231967624,9.943457725377836,9.529146986820427,6.628971816918559,8.700525509705608,5.178884231967624,9.529146986820427,6.628971816918559,9.529146986820427,8.700525509705608,9.529146986820427,9.529146986820427,9.114836248263018,7.457593294033378,9.529146986820427,9.529146986820427,7.457593294033378,8.286214771148197,9.529146986820427,6.628971816918559,9.529146986820427,9.114836248263018,8.286214771148197,9.529146986820427,9.529146986820427,6.628971816918559,7.457593294033378,9.529146986820427,9.114836248263018,9.529146986820427,9.529146986820427,8.286214771148197,9.529146986820427,5.800350339803738,7.043282555475968,8.286214771148197,9.529146986820427,9.529146986820427,8.700525509705608,8.286214771148197,6.628971816918559,25.571302199139
1978-01-01,10.7782187075607,8.85353679549629,7.3137912658447615,8.85353679549629,7.698727648257644,4.811704780161028,8.89203043373758,8.85353679549629,7.698727648257644,8.85353679549629,8.85353679549629,4.811704780161028,9.238473177909173,8.85353679549629,6.158982118606116,8.083664030670526,4.811704780161028,8.85353679549629,6.158982118606116,8.85353679549629,8.083664030670526,8.85353679549629,8.85353679549629,8.46860041308341,6.92885488343188,8.85353679549629,8.85353679549629,6.92885488343188,7.698727648257644,8.85353679549629,6.158982118606116,8.85353679549629,8.46860041308341,7.698727648257644,8.85353679549629,8.85353679549629,6.158982118606116,6.92885488343188,8.85353679549629,8.46860041308341,8.85353679549629,8.85353679549629,7.698727648257644,8.85353679549629,5.38910935378035,6.5439185010189975,7.698727648257644,8.85353679549629,8.85353679549629,8.083664030670526,7.698727648257644,6.158982118606116,27.5226390230799
1979-01-01,11.763875077730306,10.03389344865232,7.957915493758736,10.03389344865232,10.03389344865232,6.573930190496347,10.06849308123388,10.03389344865232,6.9199265163119446,10.03389344865232,10.03389344865232,4.255754807531846,9.168902634113326,10.03389344865232,7.957915493758736,7.957915493758736,6.9199265163119446,5.535941213049557,6.9199265163119446,10.03389344865232,10.03389344865232,10.03389344865232,10.03389344865232,10.03389344865232,7.957915493758736,10.03389344865232,10.03389344865232,6.9199265163119446,8.649908145389931,7.957915493758736,5.535941213049557,10.03389344865232,8.649908145389931,7.957915493758736,9.514898959928924,10.03389344865232,7.957915493758736,6.9199265163119446,7.957915493758736,10.03389344865232,7.957915493758736,10.03389344865232,7.957915493758736,10.03389344865232,4.843948561418361,8.476909982482134,8.130913656666536,10.03389344865232,7.957915493758736,9.687897122836722,7.61191916794314,5.535941213049557,30.6201664859483
1980-01-01,10.969577515927739,9.446025083159997,7.770117407115481,9.446025083159997,8.8366041100529,5.789499244517416,9.506967180470706,9.446025083159997,6.094209731070965,9.446025083159997,9.446025083159997,3.8088810819193535,8.8366041100529,9.446025083159997,7.008341190731609,7.008341190731609,6.094209731070965,4.875367784856773,6.551275460901287,9.446025083159997,9.446025083159997,9.446025083159997,9.446025083159997,9.446025083159997,8.8366041100529,9.446025083159997,9.446025083159997,6.094209731070965,8.379538380222577,9.446025083159997,4.875367784856773,9.446025083159997,9.446025083159997,8.074827893669028,8.379538380222577,9.446025083159997,7.008341190731609,6.094209731070965,8.8366041100529,9.446025083159997,8.074827893669028,9.446025083159997,7.008341190731609,9.446025083159997,4.265946811749675,7.922472650392255,7.1606964340083845,9.446025083159997,7.008341190731609,9.141314596606447,6.703630704178062,4.875367784856773,34.768954688201
1981-01-01,10.632513707160617,9.251667771165732,7.456568054372381,9.251667771165732,9.251667771165732,5.2472145567805635,9.306901608605527,9.251667771165732,5.523383743979541,9.251667771165732,9.251667771165732,3.452114839987213,8.561244803168288,9.251667771165732,6.351891305576471,6.351891305576471,5.523383743979541,4.4187069951836335,5.937637524778006,9.251667771165732,9.251667771165732,9.251667771165732,9.251667771165732,9.251667771165732,8.561244803168288,9.251667771165732,9.251667771165732,5.523383743979541,8.008906428770334,8.561244803168288,4.4187069951836335,9.251667771165732,9.251667771165732,8.008906428770334,7.594652647971869,9.251667771165732,6.351891305576471,8.561244803168288,8.561244803168288,9.251667771165732,8.008906428770334,9.251667771165732,6.351891305576471,9.251667771165732,3.866368620785678,7.594652647971869,7.3184834607728915,9.251667771165732,6.351891305576471,8.975498583966754,7.594652647971869,4.4187069951836335,38.3622271820165
1982-01-01,10.018251904907574,8.717180228945551,7.025787050194922,8.717180228945551,8.717180228945551,4.944072368655685,8.769223095984032,8.717180228945551,5.20428670384809,8.717180228945551,8.717180228945551,3.2526791899050562,8.06664439096454,8.717180228945551,5.984929709425303,5.984929709425303,5.20428670384809,4.163429363078473,5.594608206636696,8.717180228945551,8.717180228945551,8.717180228945551,8.717180228945551,8.717180228945551,8.06664439096454,8.717180228945551,8.717180228945551,5.20428670384809,7.54621572057973,8.06664439096454,4.163429363078473,8.717180228945551,8.717180228945551,7.54621572057973,7.155894217791124,8.717180228945551,5.984929709425303,8.06664439096454,8.06664439096454,8.717180228945551,7.54621572057973,8.717180228945551,5.984929709425303,8.717180228945551,3.6430006926936622,7.155894217791124,6.895679882598719,8.717180228945551,5.984929709425303,8.456965893753145,7.155894217791124,4.163429363078473,40.7143791373614
1983-01-01,9.706438843610249,8.445862370414112,6.807112955259135,8.445862370414112,8.445862370414112,4.790190598145316,8.496285429341956,8.445862370414112,5.042305892784544,8.445862370414112,8.445862370414112,3.1514411829903404,7.815574133816043,8.445862370414112,5.798651776702225,5.798651776702225,5.042305892784544,4.0338447142276355,5.420478834743385,8.445862370414112,8.445862370414112,8.445862370414112,8.445862370414112,8.445862370414112,7.815574133816043,8.445862370414112,8.445862370414112,5.042305892784544,7.311343544537589,7.815574133816043,4.0338447142276355,8.445862370414112,8.445862370414112,7.311343544537589,6.933170602578748,8.445862370414112,5.798651776702225,7.815574133816043,7.815574133816043,8.445862370414112,7.311343544537589,8.445862370414112,5.798651776702225,8.445862370414112,3.5296141249491804,6.933170602578748,6.681055307939521,8.445862370414112,5.798651776702225,8.193747075774883,6.933170602578748,4.0338447142276355,42.0223021977326
1984-01-01,9.306221487151413,8.097621294014866,6.526441042937355,8.097621294014866,8.097621294014866,4.592680733918879,8.145965301740327,8.097621294014866,4.834400772546188,8.097621294014866,8.097621294014866,3.021500482841368,7.493321197446592,8.097621294014866,5.559560888428116,5.559560888428116,4.834400772546188,3.8675206180369512,5.196980830487153,8.097621294014866,8.097621294014866,8.097621294014866,8.097621294014866,8.097621294014866,7.493321197446592,8.097621294014866,8.097621294014866,4.834400772546188,7.009881120191973,7.493321197446592,3.8675206180369512,8.097621294014866,8.097621294014866,7.009881120191973,6.647301062251009,8.097621294014866,5.559560888428116,7.493321197446592,7.493321197446592,8.097621294014866,7.009881120191973,8.097621294014866,5.559560888428116,8.097621294014866,3.3840805407823313,6.647301062251009,6.405581023623699,8.097621294014866,5.559560888428116,7.855901255387556,6.647301062251009,3.8675206180369512,43.8294862112563
1985-01-01,8.98755477679188,7.820339870715012,6.302960492815084,7.820339870715012,7.820339870715012,4.435416643092096,7.867028466958086,7.820339870715012,4.668859624307469,7.820339870715012,7.820339870715012,2.9180372651921687,7.236732417676578,7.820339870715012,5.369188567953589,5.369188567953589,4.668859624307469,3.735087699445976,5.019024096130529,7.820339870715012,7.820339870715012,7.820339870715012,7.820339870715012,7.820339870715012,7.236732417676578,7.820339870715012,7.820339870715012,4.668859624307469,6.769846455245831,7.236732417676578,3.735087699445976,7.820339870715012,7.820339870715012,6.769846455245831,6.4196819834227705,7.820339870715012,5.369188567953589,7.236732417676578,7.236732417676578,7.820339870715012,6.769846455245831,7.820339870715012,5.369188567953589,7.820339870715012,3.268201737015228,6.4196819834227705,6.1862390022073965,7.820339870715012,5.369188567953589,7.586896889499637,6.4196819834227705,3.735087699445976,45.3835238259984
1986-01-01,8.820144230124662,7.674670953485095,6.185555693853659,7.674670953485095,7.674670953485095,4.352798451230352,7.720489884550677,7.674670953485095,4.581893106558265,7.674670953485095,7.674670953485095,2.863683191598916,7.101934315165312,7.674670953485095,5.269177072542004,5.269177072542004,4.581893106558265,3.6655144852466126,4.925535089550135,7.674670953485095,7.674670953485095,7.674670953485095,7.674670953485095,7.674670953485095,7.101934315165312,7.674670953485095,7.674670953485095,4.581893106558265,6.643745004509484,7.101934315165312,3.6655144852466126,7.674670953485095,7.674670953485095,6.643745004509484,6.300103021517615,7.674670953485095,5.269177072542004,7.101934315165312,7.101934315165312,7.674670953485095,6.643745004509484,7.674670953485095,5.269177072542004,7.674670953485095,3.2073251745907854,6.300103021517615,6.071008366189702,7.674670953485095,5.269177072542004,7.445576298157181,6.300103021517615,3.6655144852466126,46.2449247662966
1987-01-01,8.508350352682774,7.403369787399296,5.966895052530776,7.403369787399296,7.403369787399296,4.198926148077212,7.447569010010635,7.403369787399296,4.419922261133908,7.403369787399296,7.403369787399296,2.7624514132086926,6.8508795047575575,7.403369787399296,5.082910600303993,5.082910600303993,4.419922261133908,3.5359378089071267,4.751416430718951,7.403369787399296,7.403369787399296,7.403369787399296,7.403369787399296,7.403369787399296,6.8508795047575575,7.403369787399296,7.403369787399296,4.419922261133908,6.408887278644166,6.8508795047575575,3.5359378089071267,7.403369787399296,7.403369787399296,6.408887278644166,6.077393109059123,7.403369787399296,5.082910600303993,6.8508795047575575,6.8508795047575575,7.403369787399296,6.408887278644166,7.403369787399296,5.082910600303993,7.403369787399296,3.093945582793735,6.077393109059123,5.856396996002427,7.403369787399296,5.082910600303993,7.1823736743426,6.077393109059123,3.5359378089071267,47.9395992692507
1988-01-01,8.174995212376126,7.1133075224571485,6.900969984473352,7.1133075224571485,7.1133075224571485,6.3701261395138635,7.96265767439233,7.1133075224571485,7.1133075224571485,7.1133075224571485,7.1133075224571485,6.900969984473352,8.174995212376126,7.1133075224571485,4.8837633736272945,4.8837633736272945,4.246750759675909,3.3974006077407277,7.1133075224571485,7.1133075224571485,7.750320136408535,7.1133075224571485,7.750320136408535,7.1133075224571485,7.537982598424739,7.1133075224571485,7.1133075224571485,7.1133075224571485,7.1133075224571485,6.5824636774976595,7.1133075224571485,7.537982598424739,7.1133075224571485,7.1133075224571485,7.1133075224571485,7.1133075224571485,4.8837633736272945,7.1133075224571485,7.1133075224571485,7.1133075224571485,7.750320136408535,7.1133075224571485,5.945451063546272,7.1133075224571485,7.1133075224571485,5.839282294554375,5.6269447565705795,7.537982598424739,4.8837633736272945,7.1133075224571485,7.1133075224571485,3.3974006077407277,49.8944520153969
1989-01-01,7.798558554640327,6.785758742349375,6.583198779891185,6.785758742349375,6.785758742349375,6.076798873745709,7.595998592182136,6.785758742349375,6.785758742349375,6.785758742349375,6.785758742349375,6.583198779891185,7.798558554640327,6.785758742349375,4.658879136538377,4.658879136538377,4.0511992491638065,3.2409593993310453,6.785758742349375,6.785758742349375,7.3934386297239465,6.785758742349375,7.3934386297239465,6.785758742349375,7.190878667265755,6.785758742349375,6.785758742349375,6.785758742349375,6.785758742349375,6.279358836203899,6.785758742349375,7.190878667265755,6.785758742349375,6.785758742349375,6.785758742349375,6.785758742349375,4.658879136538377,6.785758742349375,6.785758742349375,6.785758742349375,7.3934386297239465,6.785758742349375,5.671678948829328,6.785758742349375,6.785758742349375,5.570398967600234,5.367839005142042,7.190878667265755,4.658879136538377,6.785758742349375,6.785758742349375,3.2409593993310453,52.3028587260267
1990-01-01,7.399155370803595,6.4382261018680635,6.2460402480809565,6.4382261018680635,6.4382261018680635,5.76557561361319,7.206969517016488,6.4382261018680635,6.4382261018680635,6.4382261018680635,6.4382261018680635,6.2460402480809565,7.399155370803595,6.4382261018680635,4.420274637103446,4.420274637103446,3.843717075742127,3.074973660593702,6.4382261018680635,6.4382261018680635,7.014783663229382,6.4382261018680635,7.014783663229382,6.4382261018680635,6.822597809442275,6.4382261018680635,6.4382261018680635,6.4382261018680635,6.4382261018680635,5.957761467400297,6.4382261018680635,6.822597809442275,6.4382261018680635,6.4382261018680635,6.4382261018680635,6.4382261018680635,4.420274637103446,6.4382261018680635,6.4382261018680635,6.4382261018680635,7.014783663229382,6.4382261018680635,5.381203906038977,6.4382261018680635,6.4382261018680635,5.285110979145425,5.092925125358318,6.822597809442275,4.420274637103446,6.4382261018680635,6.4382261018680635,3.074973660593702,55.1261442568817
1991-01-01,7.928233865612538,7.006346206820382,6.176647313907442,7.006346206820382,7.836045099733322,5.531325952752933,7.836045099733322,7.006346206820382,7.006346206820382,7.006346206820382,7.006346206820382,5.992269782149011,7.098534972699598,7.836045099733322,7.006346206820382,7.006346206820382,6.176647313907442,4.886004591598424,7.006346206820382,7.006346206820382,6.914157440941167,7.006346206820382,7.098534972699598,6.176647313907442,7.836045099733322,7.006346206820382,7.006346206820382,7.006346206820382,6.176647313907442,6.2688360797866585,6.176647313907442,7.098534972699598,7.006346206820382,6.176647313907442,7.006346206820382,7.006346206820382,7.006346206820382,7.006346206820382,8.75793275852548,7.006346206820382,7.836045099733322,7.006346206820382,7.006346206820382,7.006346206820382,6.176647313907442,7.006346206820382,4.886004591598424,7.098534972699598,7.836045099733322,7.006346206820382,6.176647313907442,2.950040508134898,57.4607166012002
1992-01-01,8.500468884225073,7.605682685885593,6.531939247878214,7.605682685885593,7.605682685885593,5.368717190036888,7.641474133819171,7.605682685885593,7.605682685885593,7.605682685885593,7.605682685885593,5.8161102892066285,6.889853727214008,8.321511644557178,7.605682685885593,7.605682685885593,5.995067528874526,4.742366851199251,7.605682685885593,7.605682685885593,7.605682685885593,7.605682685885593,7.605682685885593,5.995067528874526,7.605682685885593,7.605682685885593,7.605682685885593,7.605682685885593,6.8003751073800585,7.605682685885593,7.605682685885593,7.605682685885593,7.605682685885593,5.995067528874526,7.605682685885593,7.605682685885593,7.605682685885593,7.605682685885593,8.500468884225073,7.605682685885593,7.963597165221385,7.605682685885593,7.605682685885593,7.605682685885593,5.995067528874526,7.605682685885593,6.531939247878214,7.605682685885593,7.605682685885593,6.8003751073800585,6.8003751073800585,2.863315834686341,59.2010980928232
1993-01-01,8.256757719791286,7.387625328234309,6.344666458365936,7.387625328234309,7.387625328234309,5.214794349341864,7.422390623896588,7.387625328234309,7.387625328234309,7.387625328234309,7.387625328234309,5.649360545120353,6.692319414988727,8.08293124147989,7.387625328234309,7.387625328234309,5.82318702343175,4.6064016752519805,7.387625328234309,7.387625328234309,7.387625328234309,7.387625328234309,7.387625328234309,5.82318702343175,7.387625328234309,7.387625328234309,7.387625328234309,7.387625328234309,6.6054061758330285,7.387625328234309,7.387625328234309,7.387625328234309,7.387625328234309,5.82318702343175,7.387625328234309,7.387625328234309,7.387625328234309,7.387625328234309,8.256757719791286,7.387625328234309,7.7352782848571,7.387625328234309,7.387625328234309,7.387625328234309,5.82318702343175,7.387625328234309,6.344666458365936,7.387625328234309,7.387625328234309,6.6054061758330285,6.6054061758330285,2.7812236529823284,60.9485114288567
1994-01-01,8.046938498486645,7.199892340751209,7.199892340751209,7.199892340751209,7.199892340751209,5.082276946412618,7.233774187060626,7.199892340751209,7.199892340751209,7.199892340751209,7.199892340751209,5.505800025280336,8.89398465622208,7.8775292669395585,7.199892340751209,7.199892340751209,5.675209256827424,4.489344635997813,7.199892340751209,7.199892340751209,7.199892340751209,7.199892340751209,7.199892340751209,5.675209256827424,7.199892340751209,7.199892340751209,7.199892340751209,7.199892340751209,7.199892340751209,7.199892340751209,7.199892340751209,7.199892340751209,8.555166193127908,7.199892340751209,7.199892340751209,7.199892340751209,7.199892340751209,7.199892340751209,8.046938498486645,7.199892340751209,7.538710803845384,7.199892340751209,7.199892340751209,7.199892340751209,5.675209256827424,7.199892340751209,7.199892340751209,7.199892340751209,7.199892340751209,7.199892340751209,7.199892340751209,2.7105477047533966,62.5377082656518
1995-01-01,7.8273485219611665,7.003417098596833,7.003417098596833,7.003417098596833,7.003417098596833,4.943588540185999,7.0363743555314056,7.003417098596833,7.003417098596833,7.003417098596833,7.003417098596833,5.355554251868166,8.651279945325498,7.6625622372882995,7.003417098596833,7.003417098596833,5.520340536541033,4.366836543830966,7.003417098596833,7.003417098596833,7.003417098596833,7.003417098596833,7.003417098596833,5.520340536541033,7.003417098596833,7.003417098596833,7.003417098596833,7.003417098596833,7.003417098596833,7.003417098596833,7.003417098596833,7.003417098596833,8.321707375979766,7.003417098596833,7.003417098596833,7.003417098596833,7.003417098596833,7.003417098596833,7.8273485219611665,7.003417098596833,7.332989667942567,7.003417098596833,7.003417098596833,7.003417098596833,5.520340536541033,7.003417098596833,7.003417098596833,7.003417098596833,7.003417098596833,7.003417098596833,7.003417098596833,2.636580554765867,64.292153446096
1996-01-01,7.6044466620222035,6.803978592335655,6.803978592335655,6.803978592335655,6.803978592335655,4.802808418119286,6.835997315123117,6.803978592335655,7.444353048084894,6.803978592335655,6.803978592335655,5.20304245296256,8.40491473170875,7.444353048084894,6.803978592335655,6.803978592335655,5.3631360668998695,4.2424807693387026,6.803978592335655,6.803978592335655,7.6044466620222035,6.803978592335655,6.803978592335655,5.3631360668998695,6.803978592335655,6.803978592335655,6.803978592335655,6.803978592335655,6.803978592335655,6.803978592335655,6.803978592335655,6.803978592335655,8.084727503834133,6.803978592335655,6.803978592335655,6.803978592335655,6.803978592335655,6.803978592335655,7.6044466620222035,6.803978592335655,7.1241658202102744,6.803978592335655,6.803978592335655,6.803978592335655,5.3631360668998695,6.803978592335655,6.803978592335655,7.6044466620222035,7.844587082928168,6.803978592335655,6.803978592335655,2.561497822996953,66.1766877481362
1997-01-01,8.212922078715719,7.430739023599936,6.648555968484153,7.430739023599936,7.430739023599936,7.430739023599936,7.462026345804566,7.430739023599936,7.821830551157827,7.430739023599936,7.430739023599936,5.0841898582525875,8.212922078715719,7.430739023599936,6.648555968484153,7.430739023599936,5.240626469275744,4.145570192113648,6.648555968484153,7.430739023599936,8.212922078715719,7.430739023599936,7.430739023599936,5.240626469275744,6.648555968484153,7.430739023599936,7.430739023599936,7.430739023599936,6.648555968484153,7.430739023599936,6.648555968484153,7.430739023599936,7.900048856669406,6.648555968484153,7.430739023599936,6.648555968484153,6.648555968484153,7.430739023599936,8.604013606273611,7.430739023599936,8.056485467692562,7.430739023599936,6.648555968484153,7.430739023599936,5.240626469275744,7.430739023599936,7.430739023599936,7.821830551157827,7.665393940134671,7.430739023599936,6.648555968484153,2.502985776370505,67.7236935184677
1998-01-01,8.703564903958606,7.933337921307401,7.933337921307401,7.933337921307401,7.933337921307401,7.933337921307401,7.979551540266473,7.933337921307401,7.933337921307401,7.933337921307401,7.933337921307401,5.006475387232825,8.087383317837642,7.933337921307401,7.933337921307401,7.933337921307401,5.160520783763067,4.082203008051381,6.5469293525352334,7.933337921307401,8.087383317837642,7.933337921307401,7.933337921307401,7.933337921307401,7.933337921307401,7.933337921307401,7.933337921307401,7.933337921307401,7.933337921307401,7.933337921307401,7.933337921307401,7.933337921307401,7.77929252477716,6.5469293525352334,7.933337921307401,6.5469293525352334,6.5469293525352334,7.933337921307401,9.242723791814447,7.933337921307401,7.933337921307401,7.933337921307401,7.933337921307401,7.933337921307401,5.160520783763067,7.933337921307401,7.933337921307401,8.087383317837642,7.5482244299818,7.933337921307401,7.317156335186438,2.464726344483853,68.7749542578521
1999-01-01,8.517206117681443,7.763471063019368,7.763471063019368,7.763471063019368,7.763471063019368,7.763471063019368,7.808695166299094,7.763471063019368,7.763471063019368,7.763471063019368,7.763471063019368,4.899277855303485,7.914218073951783,7.763471063019368,7.763471063019368,7.763471063019368,5.0500248662359,3.9947957897089954,6.406747964627635,7.763471063019368,7.914218073951783,7.763471063019368,7.763471063019368,7.763471063019368,7.763471063019368,7.763471063019368,7.763471063019368,7.763471063019368,7.763471063019368,7.763471063019368,7.763471063019368,7.763471063019368,7.612724052086954,6.406747964627635,7.763471063019368,6.406747964627635,6.406747964627635,7.763471063019368,9.044820655944894,7.763471063019368,7.763471063019368,7.763471063019368,7.763471063019368,7.763471063019368,5.0500248662359,7.763471063019368,7.763471063019368,7.914218073951783,7.386603535688332,7.763471063019368,7.1604830192897095,2.411952174918639,70.27976896172
2000-01-01,8.2389872767293,7.509873358434673,7.509873358434673,7.509873358434673,8.384810060388226,7.509873358434673,8.96810119502393,7.509873358434673,8.2389872767293,7.509873358434673,7.509873358434673,4.739240468915084,7.655696142093598,7.509873358434673,7.509873358434673,7.509873358434673,7.509873358434673,3.8643037669615303,7.509873358434673,7.509873358434673,8.74936701953554,7.509873358434673,7.509873358434673,7.509873358434673,7.509873358434673,7.509873358434673,7.509873358434673,7.509873358434673,7.509873358434673,7.509873358434673,7.509873358434673,7.509873358434673,7.509873358434673,6.197468305504342,7.509873358434673,6.197468305504342,6.197468305504342,7.509873358434673,9.478480937830168,7.509873358434673,8.2389872767293,7.509873358434673,7.509873358434673,7.509873358434673,4.88506325257401,7.509873358434673,7.509873358434673,8.384810060388226,9.478480937830168,7.509873358434673,7.509873358434673,2.3331645385428113,72.6530164502968
2001-01-01,8.012539207752928,7.303464941580102,7.303464941580102,7.303464941580102,8.863428327160317,7.303464941580102,9.076150607012167,7.303464941580102,8.721613473925753,7.303464941580102,7.303464941580102,4.608982730123365,7.445279794814667,7.303464941580102,7.303464941580102,7.303464941580102,7.303464941580102,3.7580936107159744,7.303464941580102,7.303464941580102,9.572502593333143,7.303464941580102,7.303464941580102,7.303464941580102,7.303464941580102,7.303464941580102,7.303464941580102,7.303464941580102,7.303464941580102,7.303464941580102,7.303464941580102,7.303464941580102,7.303464941580102,6.027131262469016,7.303464941580102,7.303464941580102,6.027131262469016,7.303464941580102,9.21796546024673,7.303464941580102,8.721613473925753,7.303464941580102,7.303464941580102,7.303464941580102,4.75079758335793,7.303464941580102,7.303464941580102,8.863428327160317,9.529958137362774,7.303464941580102,7.303464941580102,2.2690376517530417,74.7063150181914
2002-01-01,7.88744188493557,7.189438178304104,7.189438178304104,7.189438178304104,9.423050039524796,7.189438178304104,9.35324966886165,7.189438178304104,8.585445591567037,7.189438178304104,7.189438178304104,7.189438178304104,8.027042626261863,7.189438178304104,7.189438178304104,7.189438178304104,7.189438178304104,3.6994196451467714,7.189438178304104,7.189438178304104,9.423050039524796,7.189438178304104,8.027042626261863,7.189438178304104,7.189438178304104,7.189438178304104,7.189438178304104,7.189438178304104,7.189438178304104,7.189438178304104,7.189438178304104,7.189438178304104,7.189438178304104,5.933031506367464,7.189438178304104,7.189438178304104,5.933031506367464,7.189438178304104,9.074048186209062,7.189438178304104,8.585445591567037,7.189438178304104,7.189438178304104,7.189438178304104,7.189438178304104,7.189438178304104,7.189438178304104,8.72504633289333,9.632451151514235,7.189438178304104,7.189438178304104,7.189438178304104,75.8911808013771
2003-01-01,9.75989413858459,7.029853820099389,7.029853820099389,7.029853820099389,9.21388607488755,7.029853820099389,9.418639098773939,7.029853820099389,8.39487397934199,7.029853820099389,7.029853820099389,7.029853820099389,8.53137599526625,7.029853820099389,7.029853820099389,7.029853820099389,7.029853820099389,3.6173034219928897,7.029853820099389,7.029853820099389,9.21388607488755,7.029853820099389,8.53137599526625,7.029853820099389,7.029853820099389,7.029853820099389,7.029853820099389,7.029853820099389,7.029853820099389,7.029853820099389,7.029853820099389,7.029853820099389,7.029853820099389,5.80133567678105,7.029853820099389,7.029853820099389,5.80133567678105,7.029853820099389,9.418639098773939,7.029853820099389,8.39487397934199,7.029853820099389,7.029853820099389,7.029853820099389,7.029853820099389,7.029853820099389,7.029853820099389,8.53137599526625,9.568791316290627,7.029853820099389,7.029853820099389,7.029853820099389,77.6139826819736
2004-01-01,9.505411766930866,6.846555328628525,6.846555328628525,6.846555328628525,8.973640479270397,6.846555328628525,9.438940355973306,6.846555328628525,8.175983547779696,6.846555328628525,6.846555328628525,6.846555328628525,8.308926369694813,6.846555328628525,6.846555328628525,7.311855205331435,6.846555328628525,3.5229847807506003,6.846555328628525,6.846555328628525,8.973640479270397,6.846555328628525,8.308926369694813,6.846555328628525,6.846555328628525,6.846555328628525,6.846555328628525,6.846555328628525,6.846555328628525,6.846555328628525,6.846555328628525,6.846555328628525,6.846555328628525,6.846555328628525,6.846555328628525,6.846555328628525,5.650069931392473,6.846555328628525,9.372468945015747,6.846555328628525,8.973640479270397,6.846555328628525,6.846555328628525,6.846555328628525,6.846555328628525,6.846555328628525,6.846555328628525,8.973640479270397,9.518706049122377,6.846555328628525,6.846555328628525,6.846555328628525,79.6918927053052
2005-01-01,9.193499599285467,6.621891319765056,6.621891319765056,6.621891319765056,8.679177943381385,6.621891319765056,9.129209392297454,6.621891319765056,7.907695459525261,6.621891319765056,6.621891319765056,6.621891319765056,8.036275873501282,6.621891319765056,6.621891319765056,8.357726908441332,6.621891319765056,3.4073809703645432,6.621891319765056,6.621891319765056,8.679177943381385,6.621891319765056,8.164856287477301,6.621891319765056,6.621891319765056,6.621891319765056,6.621891319765056,6.621891319765056,6.621891319765056,6.621891319765056,6.621891319765056,6.621891319765056,6.621891319765056,6.621891319765056,6.621891319765056,7.7148248385612295,5.464667593980871,6.621891319765056,9.322080013261486,6.621891319765056,8.679177943381385,6.621891319765056,6.621891319765056,6.621891319765056,6.621891319765056,6.621891319765056,6.621891319765056,9.000628978321435,9.450660427237507,6.621891319765056,6.621891319765056,6.621891319765056,82.3956368811801
2006-01-01,8.906190860619851,6.4149486618450675,6.4149486618450675,6.4149486618450675,8.407942420864895,6.4149486618450675,9.2175961354667,6.4149486618450675,7.66056976123246,6.4149486618450675,7.971975036079309,6.4149486618450675,8.407942420864895,6.4149486618450675,6.4149486618450675,8.096537146018047,6.4149486618450675,3.3008959133765883,6.4149486618450675,6.4149486618450675,8.407942420864895,6.4149486618450675,8.096537146018047,6.4149486618450675,7.66056976123246,6.4149486618450675,6.4149486618450675,6.4149486618450675,6.4149486618450675,6.4149486618450675,6.4149486618450675,6.4149486618450675,7.66056976123246,6.4149486618450675,6.4149486618450675,8.407942420864895,5.293889672396415,6.4149486618450675,9.342158245405438,6.4149486618450675,8.407942420864895,6.4149486618450675,6.4149486618450675,6.4149486618450675,6.4149486618450675,6.4149486618450675,6.4149486618450675,9.030752970558591,9.5040889883258,7.100040266508134,6.4149486618450675,6.4149486618450675,85.0536740683861
2007-01-01,8.65917301489826,6.237026717024619,7.569207180855121,8.174743755323531,9.083048617026146,8.295851070217212,9.264709589366669,6.237026717024619,8.053636440429848,6.237026717024619,8.077857903408585,6.237026717024619,8.78028032979194,6.237026717024619,6.237026717024619,7.8719754680893255,6.237026717024619,3.209343844682571,6.237026717024619,6.237026717024619,9.083048617026146,7.4480998659614395,8.174743755323531,8.416958385110894,7.460210597450808,7.8719754680893255,6.237026717024619,7.4480998659614395,7.4480998659614395,6.237026717024619,6.237026717024619,6.237026717024619,8.65917301489826,6.237026717024619,7.4480998659614395,8.65917301489826,8.295851070217212,6.237026717024619,9.44637056170719,7.569207180855121,8.961941302132463,6.237026717024619,6.237026717024619,6.237026717024619,6.237026717024619,6.237026717024619,6.237026717024619,9.11938081149425,9.603810071068976,7.8719754680893255,7.084777921280392,6.237026717024619,87.4799768230408
2008-01-01,8.339029315701353,6.822842167392015,7.289361289948735,8.047454864103402,9.33038245113438,8.187410600870418,8.922178218897251,6.822842167392015,8.339029315701353,6.822842167392015,7.9191621054003045,6.006433702917757,8.455659096340533,8.455659096340533,6.822842167392015,8.747233547938482,6.822842167392015,3.0906891869382633,6.822842167392015,6.822842167392015,9.33038245113438,7.172731509309555,8.164084644742582,8.339029315701353,7.184394487373473,7.755880412505454,6.822842167392015,7.289361289948735,7.172731509309555,6.822842167392015,6.822842167392015,7.580935741546683,8.339029315701353,7.580935741546683,7.382665114460078,8.339029315701353,8.164084644742582,6.822842167392015,9.27206756081479,8.339029315701353,8.630603767299302,6.822842167392015,6.822842167392015,6.822842167392015,6.822842167392015,6.822842167392015,6.822842167392015,8.957167153089005,9.412023297581806,7.580935741546683,7.639250631866273,6.006433702917757,90.8384208727644
2009-01-01,8.3687842155143,7.666508617009602,7.3153708177572545,8.485830148598415,9.363674646729287,8.52094392852365,9.363674646729287,7.666508617009602,8.3687842155143,7.666508617009602,8.439011775364769,6.027865553831978,8.485830148598415,8.485830148598415,7.666508617009602,9.071059814018996,7.666508617009602,3.101717226729076,7.666508617009602,7.666508617009602,9.363674646729287,7.666508617009602,8.485830148598415,8.66139904822459,7.210029477981551,8.251738282430182,7.666508617009602,8.076169382804009,7.666508617009602,7.666508617009602,7.666508617009602,8.485830148598415,8.3687842155143,8.778444981308706,8.01764641626195,8.3687842155143,8.544353115140474,7.666508617009602,9.83185837906575,8.3687842155143,8.66139904822459,7.666508617009602,7.666508617009602,7.666508617009602,7.666508617009602,7.666508617009602,7.666508617009602,9.433902206579756,10.007427278691926,7.607985650467544,8.485830148598415,6.027865553831978,90.5154482589856
2010-01-01,8.924691004447004,8.348904488031067,7.197331455199196,8.348904488031067,9.212584262654971,8.337388757702747,9.500477520862939,8.348904488031067,8.348904488031067,8.348904488031067,8.348904488031067,5.9306011190841375,8.348904488031067,8.348904488031067,8.348904488031067,9.212584262654971,8.348904488031067,8.348904488031067,8.348904488031067,8.348904488031067,9.212584262654971,8.348904488031067,8.636797746239035,8.521640442955848,7.093689882244328,8.348904488031067,8.348904488031067,8.348904488031067,8.348904488031067,8.348904488031067,8.348904488031067,8.348904488031067,8.348904488031067,8.636797746239035,8.694376397880628,8.348904488031067,8.40648313967266,8.348904488031067,9.673213475787719,8.348904488031067,8.521640442955848,8.348904488031067,8.348904488031067,8.348904488031067,8.348904488031067,8.348904488031067,8.348904488031067,9.281678644624883,9.845949430712501,8.348904488031067,8.348904488031067,5.9306011190841375,91.9999409325069
2011-01-01,8.651574504159385,8.093408407116844,6.977076213031761,8.205041626525352,8.930657552680655,8.216204948466203,9.209740601201924,8.093408407116844,8.093408407116844,8.093408407116844,8.093408407116844,5.749110799538172,8.093408407116844,8.093408407116844,8.093408407116844,9.209740601201924,8.093408407116844,8.093408407116844,8.093408407116844,8.093408407116844,8.930657552680655,8.093408407116844,8.372491455638114,8.260858236229605,6.876606315564104,8.093408407116844,8.093408407116844,8.205041626525352,8.093408407116844,8.093408407116844,8.093408407116844,8.093408407116844,8.093408407116844,8.372491455638114,9.209740601201924,8.093408407116844,8.260858236229605,8.093408407116844,9.488823649723196,8.093408407116844,8.260858236229605,8.093408407116844,8.093408407116844,8.093408407116844,8.093408407116844,8.093408407116844,8.093408407116844,9.098107381793417,9.67860012271766,8.093408407116844,8.093408407116844,5.749110799538172,94.9042333109721
2012-01-01,8.476173879404582,7.92932395170106,6.835624096294017,8.366803893863878,8.749598843256342,8.355866895309806,9.023023807108101,7.92932395170106,7.92932395170106,7.92932395170106,8.38867789097202,5.63255425534627,7.92932395170106,7.92932395170106,7.92932395170106,9.023023807108101,7.92932395170106,7.92932395170106,7.92932395170106,7.92932395170106,8.749598843256342,7.92932395170106,8.20274891555282,8.093378930012117,6.737191109307384,7.92932395170106,7.92932395170106,8.366803893863878,7.92932395170106,7.92932395170106,7.92932395170106,7.92932395170106,7.92932395170106,8.20274891555282,9.023023807108101,7.92932395170106,8.42148888663423,7.92932395170106,9.624558727581977,7.92932395170106,8.093378930012117,7.92932395170106,7.92932395170106,7.92932395170106,7.92932395170106,7.92932395170106,7.92932395170106,9.252700776743582,9.887046692879665,7.92932395170106,7.92932395170106,5.63255425534627,96.8681219771859
2013-01-01,8.35380462132414,7.814849484464519,6.736939210745275,8.407700135010101,8.623282189753951,8.386141929535718,8.892759758183763,7.814849484464519,7.814849484464519,7.814849484464519,8.39692103227291,5.551237909654106,7.814849484464519,7.814849484464519,7.814849484464519,8.892759758183763,7.814849484464519,7.814849484464519,7.814849484464519,7.814849484464519,8.623282189753951,7.814849484464519,8.084327052894329,7.976536025522405,6.62914818337335,7.922640511836443,7.814849484464519,8.407700135010101,7.814849484464519,7.814849484464519,7.814849484464519,7.814849484464519,7.814849484464519,8.084327052894329,8.892759758183763,7.814849484464519,8.461595648696065,7.814849484464519,9.647296949787233,7.814849484464519,8.35380462132414,7.814849484464519,7.814849484464519,7.814849484464519,7.814849484464519,7.814849484464519,7.814849484464519,9.270028353985497,9.90599541547985,7.814849484464519,7.814849484464519,5.551237909654106,98.2870778608004
2014-01-01,8.220450583118307,7.690098932594546,6.629395631547022,8.379556078275437,9.546329709427711,8.485626408380188,9.228118719113455,7.690098932594546,8.220450583118307,7.690098932594546,8.41137717730686,5.462622000394746,7.690098932594546,7.690098932594546,7.690098932594546,8.75080223364207,7.690098932594546,7.690098932594546,7.690098932594546,7.690098932594546,8.485626408380188,7.690098932594546,7.955274757856427,8.644731903537318,8.485626408380188,7.955274757856427,7.690098932594546,8.379556078275437,7.690098932594546,7.690098932594546,7.690098932594546,7.690098932594546,8.75080223364207,7.955274757856427,8.75080223364207,8.485626408380188,8.432591243327812,7.690098932594546,9.652400039532465,7.690098932594546,8.485626408380188,7.690098932594546,7.690098932594546,7.690098932594546,7.690098932594546,7.690098932594546,7.690098932594546,9.25993981814488,9.88575476576292,7.690098932594546,7.690098932594546,5.462622000394746,99.8815134216814
2015-01-01,9.2701569625,7.6809871974999995,7.945848825,8.5285444055,9.53501859,8.7192447773,9.693935566499999,7.6809871974999995,8.7404337075,7.6809871974999995,8.5285444055,5.4561495265,8.2107104525,7.6809871974999995,7.6809871974999995,8.7404337075,7.6809871974999995,7.6809871974999995,7.6809871974999995,7.6809871974999995,9.53501859,8.7404337075,7.945848825,8.6344890565,9.53501859,8.104765801500001,7.6809871974999995,8.5285444055,7.6809871974999995,7.6809871974999995,8.47557208,7.6809871974999995,8.8781617538,7.945848825,8.7404337075,9.2701569625,8.581516730999999,7.6809871974999995,9.799880217499998,7.6809871974999995,9.53501859,7.6809871974999995,9.005295335,7.6809871974999995,7.6809871974999995,7.6809871974999995,7.6809871974999995,9.693935566499999,10.032958449699999,7.6809871974999995,8.47557208,5.4561495265,100.0
2016-01-01,10.200910498817915,7.585292422197937,8.36997784518393,8.422290206716331,10.462472306479913,8.694314486684808,10.043973414220716,7.585292422197937,8.631539652845927,7.585292422197937,8.422290206716331,5.388173237837155,8.893101460507927,7.585292422197937,7.585292422197937,8.631539652845927,7.585292422197937,7.585292422197937,7.585292422197937,7.585292422197937,10.462472306479913,9.154663268169923,7.846854229859934,8.893101460507927,9.939348691155917,8.003791314457134,7.585292422197937,8.422290206716331,7.585292422197937,7.585292422197937,9.416225075831921,7.585292422197937,8.767551792830167,7.846854229859934,8.631539652845927,9.416225075831921,8.474602568248729,7.585292422197937,10.200910498817915,7.585292422197937,10.043973414220716,7.585292422197937,8.945413822040326,7.585292422197937,7.585292422197937,7.585292422197937,7.585292422197937,10.043973414220716,9.907961274236477,7.585292422197937,9.154663268169923,5.388173237837155,101.261583205705
2017-01-01,10.039373168189963,7.427087292793595,8.707619584654559,10.244258334887718,10.756471251632103,9.527160251445578,10.346700918236595,7.427087292793595,8.451513126282366,7.427087292793595,8.29784925125905,5.275793042467174,9.475938959771138,7.427087292793595,7.427087292793595,8.451513126282366,7.427087292793595,7.427087292793595,7.427087292793595,7.427087292793595,11.26868416837649,9.475938959771138,9.219832501398946,9.117389918050069,9.732045418143331,7.888078917863543,7.427087292793595,8.34907054293349,7.427087292793595,7.427087292793595,9.219832501398946,7.427087292793595,8.646154034645233,7.6831937511657875,8.451513126282366,9.936930584841084,8.34907054293349,7.427087292793595,10.50036479325991,7.427087292793595,9.834488001492208,7.427087292793595,8.861283459677875,7.427087292793595,7.427087292793595,7.427087292793595,7.427087292793595,10.244258334887718,11.26868416837649,7.427087292793595,8.963726043026751,5.275793042467174,103.418566319434
2018-01-01,9.840000004989907,7.250000003676506,8.500000004310387,10.500000005324594,11.000000005578148,10.200000005172464,10.100000005121753,7.250000003676506,8.25000000418361,7.250000003676506,8.25000000418361,5.150000002611587,10.100000005121753,7.250000003676506,7.250000003676506,8.25000000418361,7.250000003676506,7.250000003676506,7.250000003676506,7.250000003676506,11.000000005578148,10.100000005121753,10.000000005071044,9.250000004690715,9.650000004893556,7.850000003980768,7.250000003676506,8.300000004208966,7.250000003676506,7.250000003676506,9.000000004563939,7.250000003676506,8.600000004361098,7.500000003803282,8.25000000418361,10.400000005273885,8.300000004208966,7.250000003676506,10.750000005451371,7.250000003676506,10.100000005121753,7.250000003676506,8.850000004487873,7.250000003676506,7.250000003676506,7.250000003676506,7.250000003676506,10.500000005324594,11.5000000058317,7.250000003676506,8.750000004437162,5.150000002611587,105.944650946275
