year,AK,AL,AR,AZ,CA,CO,CT,DC,DE,FL,GA,HI,IA,ID,IL,IN,KS,KY,LA,MA,MD,ME,MI,MN,MO,MS,MT,NC,ND,NE,NH,NJ,NM,NV,NY,OH,OK,OR,PA,RI,SC,SD,TN,TX,UT,VA,VT,WA,WI,WV,WY,FED,cpi
1975-01-01,174.84158986361862,169.22298697803993,177.66450037914115,137.78991727076126,78.18995531218043,95.69122284712124,119.33212633799882,91.18856392566789,130.91927969372497,156.51988965818845,140.449518913485,128.32577926141983,161.08476148356516,152.33218356284718,123.82312033996648,156.9087203077095,164.0709808718865,151.88891662239322,163.35164417027264,73.24402945027316,127.30704295967476,132.28018696704856,117.6368247060872,124.75242559232174,151.32511218058772,193.74653604333022,130.97760429115314,138.23707251771046,192.5100545778534,145.593748406648,109.93408953907593,105.56363303845973,135.600800713958,137.47107613815405,110.14016978332207,145.7376157469708,176.9373870645369,100.92488338967405,138.82031849199197,101.87363017450532,149.76201296951328,167.09608332516,153.9691605973306,158.4873727447648,119.6354142446252,134.30210634455779,135.45304506714,84.5045650604017,137.68493299539062,214.319565709487,157.96245136791143,114.24233313576875,22.7058256018204
1976-01-01,183.39734112877989,169.86941551299714,179.29005846696163,133.34511947016748,85.5726786981507,96.90539594409867,119.30975875381989,96.57078294300155,128.024405046129,150.30742467962813,133.33776533827523,123.86932052701115,167.79187325343813,153.43293073383185,129.71217831539894,155.92965851124868,166.0930687863298,150.66042301045584,168.59347362969274,71.72484834505532,130.50274749381518,124.53119239731309,114.0258149892426,123.45748914104549,149.06825345578508,184.4085342639634,136.60667696437767,134.97773675024564,205.16924859576815,150.75234965910892,110.23843706473696,104.43970406770259,135.7572747308235,140.0925354813013,104.12715346228221,147.2738452740775,182.07359738817595,109.03971356630119,139.48214253424507,104.31836089148055,143.39086363497273,163.37939411809177,153.24540037057963,160.2134403384808,124.27747484703072,131.77501231117338,132.45894657715212,89.57332644753143,137.83113992443626,212.67414019180305,166.74758652473955,116.18792976556233,24.0102327399863
1977-01-01,186.29482359233936,168.83853114112048,183.29107073779815,134.79945137914126,100.56012142685934,102.20355402313704,119.83247594875486,106.30523033485542,125.17708447614542,144.38383979776935,130.21786512859396,118.76907838645751,177.64953951444147,158.3115857922743,136.4187158490032,159.37498335457164,175.66084796936585,155.2594966849014,176.9624742063337,71.68266294940787,133.0248203823204,123.17803516260592,115.40280363567857,128.91278630213807,153.27425772931377,181.5337026884171,147.67415757981286,134.24703706106476,210.48711813460412,155.87405761376155,112.86860295150238,103.65709419757597,147.52914882131768,146.7143377021548,101.59589827325286,151.55141557481255,190.09957720809157,122.6428837919693,140.48586626584174,106.31558810331937,143.28591634059222,166.82221888014107,155.2871174008052,165.40665719006995,131.35031448065084,132.91779010819303,133.33210084675045,99.71768959179259,147.07685959839253,211.39169658045446,180.39434815738426,122.28381448521952,25.571302199139
1978-01-01,189.72872728493607,172.61830508668345,185.86974005124696,145.1947956429524,110.73657381062588,113.00769846686191,126.80125216999018,117.49862292834551,122.66960166542526,149.1243545467506,130.53192727620836,125.88702826175961,185.77992156201728,171.40254767889613,145.09214594097566,167.59488529619534,183.28425068270712,159.3283764838787,193.47223360390137,73.32396524328053,136.02689413515225,134.1663682868233,122.8941478884994,138.90750139687532,161.8144239536286,188.98451694560453,162.65807619175015,137.1079238090951,216.57162435186106,162.75751809054015,117.38634981680843,105.80618031255423,156.68835446116375,164.22348414689588,100.13799208152454,158.71247827201807,210.4286812491888,136.04934875745965,144.55002720241083,109.94424642349271,145.3263155736102,173.76669862754855,158.9338166919055,176.3970972407033,142.41363028001928,136.69732500118803,138.06705696194055,114.14967640135339,154.8984002829438,217.8996548711855,195.53805885618385,129.71714526676774,27.5226390230799
1979-01-01,190.96690542848867,170.27920844743107,186.69385080466606,159.18137629689573,116.70167739488585,118.65079003031369,129.8322379595878,125.32563581583959,118.20676141218367,152.69971179328357,130.42331501618938,143.8623889714102,181.2732417002217,168.8692734197325,140.16599489061358,165.530408875612,179.67589199603967,158.87286290637684,201.32661208395064,76.30948965862999,135.44891164866092,127.30358147841878,127.74761009654877,141.16650093276368,163.69662834878932,187.8644717070088,156.64118660486628,136.45518429624136,205.5564171670464,163.26413294151982,119.36008249823567,106.52361881047702,161.77634874051276,174.80311040746997,96.13219582514859,156.99294953611212,218.72157736432982,138.59747821358286,142.58796917132275,113.20999780686341,143.82490603611353,161.59758397217476,153.55893600239233,184.21997707508453,145.44532216201657,135.66515935229566,134.14854212413732,119.32548286565412,149.40698009260518,210.09761894337603,206.79912063726738,132.34359462446596,30.6201664859483
1980-01-01,169.9014887941493,157.69021604551583,173.75607644905168,158.85573365658317,117.65887587454343,116.16579449043105,118.71266630720775,122.28285750799357,119.57347343172157,152.5685406173616,127.4629357794039,151.4563473414412,162.8652158088169,160.05934007846966,125.13951831943305,150.78344501696873,167.7202695612368,146.4870271565637,191.11441716638546,74.07511928116759,130.59891453685077,114.05567437104773,117.8747124691855,133.87709152135605,156.21237018573112,168.35762232894467,146.4616346160176,129.40800438523735,188.09016558734152,154.46028488804822,111.26503416502817,106.3211065206968,156.63388635879687,168.78929551822884,91.8676724418402,143.4602363234652,212.4644652575708,129.23279585546905,134.10054587816197,105.02100844473506,137.40157614915876,155.48106501800262,143.4881681180659,182.60283757532306,137.05115908962216,132.4068634237352,127.00840930362811,115.63255113896233,135.57077397578283,195.91868583771313,191.56132587999733,128.06727824440173,34.768954688201
1981-01-01,178.44211748883237,145.06246839604933,164.82697655992277,153.29231017457886,116.29024190970257,111.42045857542728,115.13263273336021,114.41459284664288,110.7921736745496,148.59052976251627,123.60182114079548,112.99462294246146,142.72883876421795,144.96811059042307,117.98407959118961,141.0050827541177,158.18971042757406,131.87999252708482,185.73528544077868,74.61401015148361,127.61547999475395,109.5678236113008,109.5724264310875,125.01718822519027,138.63463056399314,158.59245715890592,140.07991597700112,120.91147297549878,166.72333831202243,143.35021943541568,102.21942182191471,102.44035717167392,149.40292745485993,165.92935189882533,91.70888283910031,132.33797309585646,204.70810860134836,111.76106723963939,125.88021693518705,95.67191067540561,135.35512146600527,133.4357456149724,137.38036217213116,177.88057347486114,129.7857095241593,125.8295859175339,115.85067262007752,107.59551533272146,120.59617982011329,183.79289549081253,182.69052015191,122.63753039549239,38.3622271820165
1982-01-01,197.53737565572732,138.68122994079198,152.47258970598938,147.01676247812202,111.47798964921935,112.62726962965245,109.60661488862732,104.65603716159183,106.96543938642438,152.19285929565757,123.06836982924771,116.9728490273656,131.93951020651545,140.39213919468202,107.16060013781872,128.82561199537966,150.60772030377717,127.30552658729736,182.85478179249588,73.72956342397454,122.08172380830983,102.24471765547551,96.98405117900244,120.4900794580496,130.70566056714478,149.77937133674803,125.23031726413792,118.85289759913074,144.1760893189382,140.42683443937437,101.65706694849933,99.1286509915465,149.15485693228624,163.44062393434928,90.96225777209152,121.70658147507416,210.65651505501103,106.3799571322415,119.18250242370782,90.39629159304806,129.1465430087836,126.17576268200368,132.78737524868401,181.01593382380295,123.69071578091621,118.10911829103911,109.38760115650703,99.44524509936393,111.25247055871925,145.66364793512147,176.37544484620503,118.14598198852471,40.7143791373614
1983-01-01,210.60871329845574,139.51430117098238,161.4462308438065,148.66188444480898,109.41593691263593,112.46233005619331,112.59679154666753,99.28090206813903,112.93924815521912,149.6157206428607,124.40839310051533,129.0431126002998,130.73018411359394,139.86095970111128,107.59860583044485,126.33497414371676,146.89077449996844,128.52207432471207,180.90953158995478,79.43942838003183,121.40612013351986,106.60275041661995,95.33319674624644,119.14968824649877,132.9551015887851,156.49846818651162,127.56193524429429,119.45642852164316,158.79481832851727,139.35883007262152,103.4071890570677,101.29362250367552,149.92035995721645,157.3136409725118,99.27249822498437,123.82852792284505,212.1172031447138,104.43876080429986,121.58890372213331,97.50348924093247,131.5936789977333,129.69020852320713,133.2849524326048,181.76462263093956,125.93369063308262,124.61218629701538,112.0232292513633,97.20725376973137,115.95622784773524,160.0448899977701,164.64389316414736,119.00262099129259,42.0223021977326
1984-01-01,206.97076874097849,141.04565687269027,156.35257831876467,146.9859268219564,107.70843487867384,109.0056657526404,120.81368963958448,102.81964709743653,116.3821555980838,147.1954175221001,125.9703837969671,125.74477842758162,126.62302790126078,134.5695741711336,107.50700151315107,123.55116907703876,143.47292892723954,125.67830541695909,174.960992625757,91.48902028678135,122.89248197177938,116.84142367147572,93.01387086378865,116.16662189697445,132.93192090943361,151.5866648904962,124.49387722768525,122.66889093604907,169.11942502559702,136.28578644538752,112.14601192114023,107.89375357495484,149.2701811869845,148.85321412035242,111.19726076952801,120.44909524798831,199.1188961529013,97.39706089756386,123.29132003551439,100.34201670150658,129.75934540245015,137.37755528652087,129.1328876356744,181.25175663103275,120.28996288922531,126.4679242098083,116.59164629822746,96.50873975560854,113.241809429584,154.37248833567594,152.59584605176522,119.38754141168336,43.8294862112563
1985-01-01,192.19555179279376,140.1436030562959,155.30183396988082,144.49926001413937,108.71245099382261,105.17578982840973,135.44945377569007,103.56892397437724,121.99924734133094,143.29897401905703,127.87811975160477,121.79693009094429,123.25400336536362,131.76689074701753,107.39349814995576,124.12357847039084,139.9646301040308,124.54961191110893,164.35553092468373,112.10904637050629,125.05540503707556,125.59426925204774,93.1554216539948,113.53110319774329,135.41443732850774,154.49840104286457,121.78914865823711,127.05328788464381,163.01517914087208,131.6462785400563,128.88386992900772,119.83795440691196,149.69531170435823,143.6938817289463,125.5281270740367,118.16300101669168,184.52500450169197,93.55227472206093,125.31413767458928,109.69291151492718,130.71834268972518,134.1635720208287,133.33095872116053,177.39526678373912,116.49971977553213,128.32166141591398,120.79507062989502,95.70384086559595,110.71422455774446,147.31030257960782,145.01088921463642,121.18414226525395,45.3835238259984
1986-01-01,181.12987099075917,144.68282045021587,156.4678313447093,147.4873208558551,113.43621858561626,105.00744439167678,165.69652771016874,109.61797433015101,133.62709420851635,144.65800186255538,133.54118371276837,126.2139729865306,122.4434567842587,130.65650017776443,112.58475011664753,128.10018564873042,141.2807648185964,126.92989378443036,157.60184988858248,137.97034704910803,132.4358020008112,141.12612592625007,98.50879266887496,115.37779578952029,139.0795470053207,154.3200689510101,122.57518621107226,132.29452696335898,159.65797442015045,130.64695456712573,157.4987572936849,142.8214263756766,152.6495870892441,145.34146758428363,145.8168389940891,122.10554216765006,175.05504438031403,90.17547458132212,134.78593134005004,132.81380818210224,134.28192309832866,132.09979650633025,138.6977225797742,172.64764137724322,114.60460132778861,133.86382535235515,131.70651734801734,95.89138623175353,112.23156252301699,146.66258009667462,137.1360606792889,126.86689275421516,46.2449247662966
1987-01-01,148.75432533273712,144.75061241785997,153.04717482886343,144.45595093378444,119.43919093576648,100.01179096380751,200.6736788268568,118.99351544110215,145.62170543015847,143.91266882252003,136.09493132313946,131.62160166801684,118.44470842701136,122.89225520227738,118.56625628919255,129.40059073179705,139.42460609319366,129.1961693272196,145.98819065097751,152.40812773527452,142.99185168478382,159.96987807036444,104.28254084862814,116.60675742008983,141.4356707220096,149.6070020022809,115.59938347140641,135.13728149989376,152.4928429119462,126.6160397072827,176.1339021061862,169.14490003076827,148.96427164014096,144.0434248560786,163.73970343225656,125.29190466321798,155.5039149523437,88.34503782868943,148.06371247943494,170.08781677981014,135.27540407055417,129.80943354095191,141.4614536018662,157.59601148928044,109.04500708499994,141.53696060716058,146.9513653770496,95.73367454188497,112.0302962455408,145.72667858386043,121.01194660701995,130.9346720832656,47.9395992692507
1988-01-01,145.85288536158592,141.97949477286483,146.576602470214,139.19433406631072,131.14143293827533,93.64793216878658,208.39867665419604,133.76557101185836,155.0701039895658,144.23558111394263,136.14021247831045,145.94666777419545,115.81420165481163,118.40471961821396,123.38049592496753,130.60705013434938,135.20769679066493,129.9859628357468,132.87021439336004,152.43181008011715,153.7500722950999,172.6392657782417,107.39324879427093,115.47446159403756,139.2828080404706,143.86222094298782,109.81035776831982,135.48727454901032,142.42186464366443,122.1719414379431,176.19061110102072,176.35871165192452,142.47671850764357,142.1422868853191,169.80986808460764,127.73164597415217,139.48452870155523,87.32735145480228,158.99657896278285,184.00640197830754,135.18292407790017,122.33119459143099,140.35334312780563,143.76489957141192,101.99102793206654,150.3278989745944,161.23673998851189,95.85978152278447,112.105372658028,142.74390990960651,109.23881589524676,133.84519758860225,49.8944520153969
1989-01-01,123.54638510231173,138.67423829856423,141.14715784024128,132.41851145798043,150.47842011081528,89.6091513921291,196.29917161854507,142.30006162656588,161.90786599251865,143.4006374225887,133.12915932627126,171.77253616423252,117.01382631303507,117.53204221699063,126.86499248725173,130.6629917833428,130.8824317426725,129.407120016102,126.33327258579901,145.89381296051158,161.39133808825028,171.98353612512648,109.49716370614905,113.81000290682138,135.50755088546788,138.14083039742434,108.13157195924343,133.78916720394753,138.40415834861997,119.94081777055595,167.3263449882752,168.47080877616403,138.03279841744663,141.56409376296773,165.36488935180506,128.21539223697303,134.63991904627196,90.29954326417409,162.36193790836245,180.98057445764445,133.9090151817353,120.0572897489694,136.79718264645166,136.29584673936765,98.61294172339565,155.11873125079498,166.42832915471067,102.85994893626905,112.67566711705553,139.01859023474316,108.75781984317668,137.09427059139034,52.3028587260267
1990-01-01,124.3122164246266,134.65021380959138,135.95227296899904,124.86635230304614,155.0747654208161,86.76550678975228,176.84621955733212,140.31649339874787,159.2964480090062,138.92474750757293,127.40480712181748,206.3227248819296,117.09083296857608,121.08349408100324,126.98520134104898,128.78374062273997,124.70940052245332,126.66809468230024,121.9179009961956,133.09671149147894,159.7881234849449,159.84097459473634,109.62601409772856,110.35632034211959,130.015331635759,132.25429683237883,107.8579042428872,129.6742017452869,133.94873544326842,118.77406073799484,150.09394871016696,154.043368005492,132.91253338159964,144.9257507920754,154.6711751278632,127.51531398774509,129.42115703780058,98.59134299278556,158.93129488681072,170.81638839476165,131.43910850256515,119.30097028712784,131.38305429521057,129.9961130503803,96.91612296727463,150.43027395429436,160.84674722955558,119.64049862881838,112.74743267298749,136.23414555455344,110.44760862266845,135.67360348100772,55.1261442568817
1991-01-01,132.39996907629805,131.6639954286957,132.00816682131145,120.24641677455485,145.70127151323751,85.76781833572822,159.10090863378156,132.65502466189724,153.2807245479404,133.84118678287646,121.8627931363037,214.4279964761928,117.16116607646374,123.93243093029213,125.89144220522542,127.99641902613418,120.91632180661044,124.88043873941672,119.81773901321648,118.5071220583003,153.2208018501189,146.59857550112855,108.41245219452618,107.47980917971478,125.96672969736015,129.63276962049025,109.09311258260104,126.59207682590747,131.00330927322796,117.75885657524732,129.30242654275642,140.99964445339756,130.16131854486446,145.6060097884957,144.25544436836523,126.62587937339651,128.2253544614009,103.39431037183422,153.69557399439685,154.50837161356526,128.647886305014,119.02491562665521,126.56134723728108,127.33880582952912,97.55722501224855,143.0800376034052,150.91761918256978,121.28200391126468,112.74071475255533,135.64962307354043,113.08181318630847,130.64377308629903,57.4607166012002
1992-01-01,134.21942106125277,132.10921694350216,132.75942824762882,119.23473485972757,138.10279316204614,90.13032244840541,149.54561732847753,129.90058634393418,148.62398754418786,131.36654439888045,119.94459857707693,206.08715720154936,119.9624943010437,129.59188510550712,126.96121368238906,129.79470331046406,120.59630119153418,126.18871493115594,123.24934226961071,112.43286844201697,150.5283908363204,139.96991369591456,109.1132116461775,107.69199290114831,124.9852274943893,129.72312041459688,115.8807779262851,125.89194417537335,132.28966549350062,122.38587358821314,119.06770810270424,137.5256560641172,133.04874245175867,144.3513834471169,140.41283286409254,128.5166503571692,129.10870055840377,109.48902184948005,151.80942641027642,145.50565764297474,127.87986084601755,121.55372242375742,125.69210859107753,127.52194636668177,101.79982578508279,139.99079204054243,146.088759982226,123.9174492977042,116.4758107481809,137.2751159285821,117.20804412048865,128.80149063030723,59.2010980928232
1993-01-01,134.18390137849585,133.72036410299876,134.98929739467198,118.5062015887939,125.90541534891562,96.73153807231974,138.11382834231927,121.32653619939627,143.13451645754677,129.35876805136868,119.21599304189874,199.26743196625415,124.76105770003227,136.37701211319128,128.18833643073856,131.84738379919347,123.5761405395429,127.79143263859426,125.62729298361737,105.837148427865,145.4348201872009,131.473656870824,111.81677928177702,109.13695440780965,125.48968035495425,129.2979287839597,125.4998202328557,125.61280744375806,136.45233692045954,125.85037029745034,111.61398172374703,133.0540292694718,137.84584585492254,141.63381452812507,134.6126733583306,130.65232676080268,131.09703283448263,115.6250277107825,148.40725296632576,137.3258149739743,126.12849266274857,126.28348793924289,126.60941258607679,128.18254221479492,111.81388217380514,136.57256690129157,142.78831205490988,125.12609330448619,122.07254150214936,139.41607837566883,121.9682456151625,126.03143954569137,60.9485114288567
1994-01-01,137.96970165914033,136.38290185698256,139.89814341158467,122.84569251277411,117.9723536186029,105.06760540550353,133.35188835588593,115.98038340432839,139.6030889999735,129.39053582487662,120.3045540395678,193.62063422235852,129.11524582361253,144.70371861313706,129.85782295522725,134.91186502971541,127.93079294637919,131.42062311624917,130.21499408507245,105.24548509862797,142.6948074757078,127.74867802246607,112.13197036101708,111.1522203052364,127.94208689514898,133.70764774213487,135.3946813396246,128.36702171761294,140.87506998017287,129.2663023884087,109.84494573513138,129.94817454538574,147.90272960218454,143.02797896441712,130.90251321643433,133.15424425241443,134.46857754050052,124.81225134231659,146.01240492683831,131.62673768129812,127.35903678990775,132.85213112282202,130.73451572848347,128.9147782329485,127.08939376302864,135.61491334063584,139.224741716185,127.92091074120556,127.6413855091529,142.68916050132293,130.51993070185716,125.50259396087091,62.5377082656518
1995-01-01,139.2910999958963,137.58693516857105,142.2256690821123,125.8623910140966,111.91597845461634,109.44555740356225,129.0207948036599,111.19366524013358,136.10523182555417,128.49759834982356,121.65896753589956,179.77497048290286,131.61480556821854,146.68588452059117,130.13310222520175,136.68061060287027,129.1443845171645,133.32034361458278,131.53790530203793,104.19024814153676,138.743185599359,124.69515483099714,116.59041606316998,112.24829746203994,129.38607106801808,135.62185872384714,138.2172427074448,130.7441846975303,143.11002214319,131.10671452381058,108.22888533506095,126.25513165923364,152.41358113201227,142.8161532688567,126.3883339060108,134.97919221362295,134.71828059622422,131.36076004601455,142.19683148229456,127.1367382822334,127.93869820097474,133.96850300096273,133.96987622000165,128.2504189228142,135.39253114434405,133.10749466354693,136.15878736807286,126.92526255023661,130.16743270117527,144.28687085956204,136.34966481448566,124.15273331061562,64.292153446096
1996-01-01,140.0605663799542,138.96259101103414,142.18047265117406,127.98817377563157,108.10187869771882,112.25630797939195,125.44268531402838,110.96355204684822,133.47671650678234,127.74669924127615,123.45218804740782,166.15582545173567,133.59678671723532,145.53977031695865,130.37623685019648,138.99861207417004,131.3408008741687,134.6760844978627,134.50665208977904,104.68521415360671,135.29778136531925,124.51814469354036,122.14208864002082,114.28549453604738,130.5710174138202,137.37499600615584,140.07924396824689,132.992433324622,142.9529243384216,134.0637264245525,108.3753719548617,123.60961343444616,150.95760503528706,142.0737435752159,123.76970704838344,136.98009842511047,136.11292468295002,136.49448112950063,139.76039085382175,123.2027088323555,129.50239254078863,135.0989984613471,137.07748870692234,128.16160852406367,141.70286003626106,130.9138845703359,133.0978282871307,126.63805096476027,131.66098810204335,145.09017408448466,138.30487308044172,123.502884358488,66.1766877481362
1997-01-01,141.55557839957876,140.28844185029124,142.07833740808118,129.47606475174072,108.36103317889014,115.70182115115176,124.17286363805569,109.27749099180083,132.29062011173232,128.3184338301693,126.3238670396241,150.6562782458509,135.0960500027476,144.77426167138023,130.66237571866634,140.05639421060687,133.24357980054845,136.80903089345114,137.0775804090409,107.41850259747562,132.78860999015603,124.44793134577141,127.39545782513274,116.49834422894465,132.2736728122048,138.53635180683187,139.05650353848384,136.17155170353178,143.36502853374662,138.03836192840814,110.24479070329399,122.84445608278405,149.01760474538332,141.22054332430417,122.84706335963445,138.25215863013975,136.53135590888505,140.91158101753345,138.327769658801,121.64380509318134,131.6283717917343,136.84683640778178,139.53363520210445,128.58698334575908,144.24368083232665,130.45118629378504,130.87486878197276,129.59991040213404,133.11843051172988,144.9046255138995,138.2678022912421,124.34885482545673,67.7236935184677
1998-01-01,143.79624281442872,142.26605854222836,142.53307056288077,134.13631274034492,116.27089787775024,121.34797740505941,127.26717176673392,114.09757407503614,134.00023930674323,130.99121922785255,131.9347472816002,143.51125883084785,139.2801452728172,144.77314737075804,133.05157640644452,142.26734225386616,138.504783443615,139.5612781214849,141.41110659148558,114.86009878786078,133.41358308829058,128.4751444178586,133.0579949646332,121.50972507141618,135.5676512164384,141.99134425174944,140.35974676016664,139.47013459520454,145.99780827317346,142.14153851336647,117.05781311169223,125.69462501048771,148.58577093488148,141.11842033807807,125.73955491780906,140.82573408467067,139.93997305462173,143.50227284938362,139.08758852715442,123.25557289875893,136.32760850598757,138.80003712029796,142.40084826419232,132.96556772671505,146.21989038650457,131.80894354110055,132.11189948761,136.0914055646412,136.49705844217084,145.65762468916918,140.29171004336578,128.9347131841738,68.7749542578521
1999-01-01,144.55633368345704,144.664369041292,144.38799952124924,138.83674084366305,125.50819262705541,130.2692857223375,134.24775058586212,124.64014108910288,137.8744724238778,135.03540371798397,138.59805807635337,141.2185436163952,142.9194723897493,145.8251210254716,137.39208198889403,144.54879633291046,143.52497288366112,143.01871417194644,143.77119300151742,125.12755642445103,137.36695748707203,133.96761239054604,138.82040991747868,130.58836689547775,140.28893704897862,145.13294100027355,141.98735337215055,142.58531651551573,146.6517171354177,145.114097623907,125.44915004777347,131.76544980584168,148.38405153604936,141.96850999578396,132.95509496711665,143.79129260297506,143.63049579131388,145.36408641703662,141.5112440626223,128.52438907079474,141.51124406262235,142.57526671478695,145.60402540943736,138.2362652501156,146.52986330158063,136.07178941814433,136.78909394516435,141.20095646511973,140.75122788250474,146.21203835353145,141.6820906750124,134.94746796160672,70.27976896172
2000-01-01,143.5807583601697,144.67321404774782,144.33053050614936,143.02298621267428,137.91432802515664,140.50268243510254,141.61093559091037,138.0978216945941,141.9609102716918,140.59382167488937,143.27574570434976,142.53934064687218,144.5626317701398,145.33427733366827,142.36556849634533,145.32577100462152,144.77650518617287,144.82875835031732,144.55169506136534,138.20232802288297,141.59878369227215,141.0483026839597,143.81772038361544,140.49417610605576,143.57103684125906,145.41812543427216,143.91129000312995,144.153112786031,145.30997353639177,145.40597353563393,137.51453055995836,139.92303687005835,146.20921403562184,143.2939735523071,140.66430268699122,145.3439988525789,144.77528999630908,145.5748849267055,143.71564443505423,138.8974166249905,144.20050519072015,144.58450518768868,145.4655178389613,142.68637862039495,145.59432796452674,141.30713812495432,142.5502773556466,144.2296697474519,144.4763532898083,146.0779735303288,143.16030266728646,141.49913812343854,72.6530164502968
2001-01-01,147.40826740422506,143.77426179008933,144.90287166374773,146.3434742145222,150.87564056581013,148.1776129830226,149.57803465871393,158.54546054491288,148.4234253952958,150.07911380680943,146.1602966957609,149.16204442255918,144.8875083879807,145.0127781750045,147.67180667315262,143.90898590066212,146.15202416265555,144.69014938389589,144.98677878524484,152.16379214935748,150.03893293172626,150.26820027778882,145.48431256200948,150.25401879246533,146.98282284452137,144.3143400228243,145.8577583421938,143.98698406994112,145.41576871627942,144.71614877365553,151.72298431388668,150.8579137091558,144.87805406443167,147.30190626429916,149.36176700753117,144.98914236613209,145.3531338227675,146.57983230324646,147.2286352567946,152.25479001351633,144.46679099005144,145.51267553265637,144.34506657435847,146.16502385753537,143.14318569319553,149.86875510784475,149.76357575836246,146.3990183653724,147.03718520492794,144.52469872178887,146.5491057517123,148.27806517073037,74.7063150181914
2002-01-01,154.24718577044356,145.52679279559442,148.0128493307135,152.72088433194273,168.45272453990492,152.16248136663756,163.4515279818905,183.24225974391467,159.16694856268435,164.79634845666706,149.9335228634611,160.31051130204887,147.87673860792037,147.40674944545515,155.477998973137,145.18593431885603,149.42863351566427,147.36370588354623,148.66315611739182,168.51903489203497,166.3796535312095,165.07671327883077,149.3239329596696,162.15905778511117,152.70110756025483,145.48607591270758,151.44353754880714,145.77109409291543,150.3953686493489,147.35672584647992,167.9932054330392,169.52532356909526,149.5065772629048,155.4175053185623,164.02621770035037,147.557983581892,148.78414342654125,152.1985448914802,156.3598103225148,176.68335158060097,147.07752436382737,149.25762260753962,146.32600703968745,149.155248730567,142.95697581567953,162.7267674665048,160.30120458596045,151.32720359770192,153.0326593209048,147.07519768480526,154.6939081426877,158.33748749130396,75.8911808013771
2003-01-01,161.67526269429231,147.23903699350242,151.5934513014863,160.7333987844149,191.29392511625792,151.82436721175822,176.34012927175527,209.34062913824448,173.21878317428718,182.08003904137038,151.31930975283842,181.50559305768917,149.7006233473366,150.56399859805754,163.01867003434685,144.75811285407897,151.2248958584908,149.4844951554565,152.35103748986592,182.36214320761388,187.62429592149408,179.2078091229641,150.04415342074591,171.30661743454817,157.97264551234673,146.94328262566648,160.11800219595636,146.15839603410203,155.78861325755858,149.1762281028275,182.78302442338034,188.45127063463522,155.05150237156755,169.66176814266086,179.32156080290102,148.42432949844473,150.75623893715084,158.41286451370246,166.7064994979006,203.6871706453814,148.0500864714524,152.96302152792637,148.11833747941455,149.70403589773468,142.07357320756856,177.07041505695005,170.75037171965684,157.3595239574869,159.01916096776606,150.13515476469547,162.18942028760696,169.03840893660671,77.6139826819736
2004-01-01,171.34335602529856,150.4536072750365,156.22997288724835,177.71685647927907,227.31006833786427,153.14126799142042,190.44613167765158,247.3556301689652,191.24600432284083,209.57771160808622,153.21771011402166,217.8822065503838,151.48280628802934,159.71750624882162,170.66756334723007,144.7824880635075,152.86651949279587,151.96472401747164,157.97041599748707,194.44217133305017,215.86812279836982,194.66595841660722,150.16224092367253,178.85684117720123,162.2999205645227,148.8560776983565,170.48144339654883,148.52150492987016,161.90219995562663,150.76602290653696,195.3151625302927,208.2128319697577,163.26929530765378,217.65841946682673,194.12753998785098,148.8715876942466,152.38349390650427,169.37137083355768,178.59871053131604,231.18313588299125,151.7941140626806,156.21224717765963,151.0806542517361,150.16224092367253,145.50259501554768,199.83743418910527,186.87218548183344,169.47329366369254,165.2645454932298,155.9330672516379,173.49481402662485,183.9828948188783,79.6918927053052
2005-01-01,183.8796355167575,155.86839233208144,161.02982444976888,227.9173558000947,261.74579121373597,154.35650096441344,202.778813364333,285.52245276480176,210.1968317472995,257.51978160772404,156.2873501809533,256.48042326141785,151.9263311402666,178.66569973002987,177.92207633586855,143.5975348249699,153.12212899024362,152.9614034727736,163.79323184680354,199.82896436703305,249.4052859823874,204.53715052545508,147.06384848507344,182.71812577717412,165.14975521425055,153.25285241111928,184.26216224833618,153.23677985937223,168.31390490151045,150.7530348627354,202.96954097839736,228.6095470286656,176.47447517518856,255.31462750803536,206.02011129997842,147.18064236110163,154.9672579307995,191.26550879623014,189.99899171856632,246.14577248809522,157.96532458334042,158.7400215775459,155.9594701253145,151.84275387118217,155.45372049700882,228.4509645180952,202.44128977764595,189.32287304174235,168.62249789505287,160.92053109788927,185.99478332666303,200.1000547398325,82.3956368811801
2006-01-01,192.71523037413752,163.50437757592033,163.87183580023958,252.37113887654817,266.32728527760105,153.79579912377847,203.14419302875842,287.13642376045027,218.26707119290418,276.0535100286509,159.11356320057976,276.8071107937803,151.6844713603168,202.36567984164134,181.46208175875523,141.78697370810116,153.4252268467107,153.11278355428107,175.49140462235832,190.43781979742428,260.4105850555109,203.01444083090556,138.66669285413576,180.23514497585865,165.97382140545582,161.5113838169005,198.2250277037611,159.3658014732057,174.0610163932285,149.111225772499,198.17520285978554,232.76402475460782,193.2508474468741,259.58639909474965,208.5325423011917,143.32323973067895,157.9489074726526,214.15548354734298,195.3393388235136,240.59379138184036,165.3821513832468,161.99925208082726,161.89441230496215,155.72858786299454,176.58651317223647,235.91856018880634,206.52294026084675,209.84148247313135,168.49516611413247,164.26939653446072,202.18195072948174,205.35101840983984,85.0536740683861
2007-01-01,192.0398692269115,163.74213587437856,162.64106853647016,235.9634738836016,242.6374961618676,149.3374299953992,195.44803091354447,282.12251772770435,214.2600338270297,250.59525597800663,156.7027731961833,271.5659967794718,149.49285104951272,205.66948829057122,176.22325390179662,137.70406317223689,151.8282037717126,150.4284050570664,176.60171426083932,178.13674947711675,250.0351346466234,195.82346358971492,124.00177971964092,170.97527025640363,161.04043352462529,162.59565329338506,203.9033399483717,161.51779819083126,175.9719562233922,145.2147351508935,185.16299219619847,222.39037156689227,195.58528587042395,233.21837474601153,201.94039221946997,135.84910279911537,158.94931388746107,215.64772181018654,193.124788922834,223.49446658767297,165.78582181320945,161.80240038083144,162.7440097541298,157.7200746412902,190.48364023052764,225.15666448458876,203.04549646787478,214.89887491309395,163.8894831074992,163.18806990873998,212.46966402185151,196.6278180061338,87.4799768230408
2008-01-01,182.19515565517196,154.44795892627246,152.60326456249607,184.84362359051997,182.8132934925596,137.6445232806826,177.78849377668837,261.4586984072359,195.5871702170658,190.30675689862693,139.30358191027494,248.5021016930616,143.00074595653697,186.14987713367879,157.44631620353803,128.25776976890597,144.28367354356791,143.41964125199934,167.15088586755644,161.16194663173454,216.62329498501913,182.35163394419618,102.2998682579792,150.80716594065268,147.50265548920927,152.74905178829505,195.22950555643897,153.23306537794767,173.289499988532,136.90003651426917,166.23534208953888,201.14652309420006,181.77334461519357,168.73705088424924,188.39014083678973,123.53426365301921,153.18252580633734,194.2148264648781,181.8345752500292,192.08050147918115,156.169220105539,158.05959446673236,152.22616160509608,151.48847824255324,174.08744207107165,197.59611818857562,191.72283681855427,194.45294560034975,152.66060753797703,156.39762009262407,205.38601562043416,169.60399892033382,90.8384208727644
2009-01-01,180.9754463518845,147.9831239637994,148.73514408386478,144.30788166495813,159.0342108124913,136.34290591858402,166.4578491183514,254.5310122330459,184.05570515754823,155.29166710212675,125.3054744287519,225.6665097517272,141.51048386424776,166.06476985974393,143.0798747503506,124.8343645480883,143.05939171206086,140.93793417491128,164.25641019359426,155.44577758068746,196.50549090659538,174.3174835249498,89.92053809187217,139.43584470033178,141.72116654379914,147.1023533173414,187.5017325040997,146.64392341276192,176.76179276085642,136.08540486579898,156.8132642322202,187.21106843694088,172.00094943265998,122.6846209104434,179.8176669971275,118.9918217216395,153.16728341664998,174.3877110848003,176.11608936334233,176.19216921984702,148.01336082984608,157.18781121808942,146.16891200099556,150.3318456876873,156.10416095428565,186.04743678552958,187.10962862826796,174.0541301755105,145.95530317311707,154.09097090523878,197.63010724697864,154.9288247095659,90.5154482589856
2010-01-01,178.37962242985088,139.0476454934783,142.8986976441069,129.9348642270021,157.243459056416,132.13532836390502,159.92086635775007,256.72593407437324,173.01809031782452,143.589641463806,115.02487238441148,220.56366191087042,138.64843350876328,146.11062676151383,133.85884933637672,122.17710056249145,139.0332508305679,137.68207180537854,160.39301130121106,152.98743705590812,186.47230191807682,167.835052025887,86.47737690050938,133.67267836273558,135.13805504701415,139.57353051180488,177.8527777673304,137.37498566329,178.58594593156656,133.29169961770702,150.84071299387068,179.69913319663735,163.5579178531107,111.81582219958666,175.34330819995088,114.75233343330791,150.6305509153789,160.75671645074715,171.4749824538298,169.63822346646296,138.82500804046416,154.4019525979033,140.5024660916226,147.5232230151209,145.85248247332066,181.2662321654828,182.1874905917483,161.73459388446017,139.0975469915677,150.52786898661807,189.18617569878398,148.90031243354898,91.9999409325069
2011-01-01,173.89385670311836,128.3307582015358,136.34974446238033,115.52828848903671,143.269143512051,124.15660607248597,148.81359340934026,255.47541344685618,158.0772900665896,130.6350539054931,102.21695735140051,209.85184695142726,132.55979666346144,130.60900615429773,120.66713768914171,116.52368469542922,130.5987731091853,130.62575113720905,152.63796145091004,143.84870597614682,173.50500098884538,160.10436327568243,82.01971712991616,121.2811203958885,124.41429275395397,132.7718997803376,165.93068705197817,127.74654435329795,179.68762079042,127.8944583690142,140.0020112906953,165.21902527824884,150.345759345722,97.6679036605038,165.34740348056863,106.52786017422572,142.9621521586776,144.6850248448822,160.99742903095049,156.36744125598264,128.7586855426017,148.93918078117483,132.99795704963984,140.73320887782106,133.37750999562877,171.2332649738823,175.89209133053075,144.03290078817085,128.08609539566547,144.16127899049067,181.39281821688493,137.45305278086767,94.9042333109721
2012-01-01,171.71634579818274,126.3843096246532,136.16654341472304,127.97564291427044,144.52787880930984,127.42059023765131,141.40263147248422,264.9287388083403,151.74356360535782,134.87688900188883,101.79975970819518,213.3462079611595,131.3642896329399,135.3927507670225,114.9305378889029,114.58419960135735,129.3965413097534,128.945390119398,150.2224093897958,140.25880370703766,171.14124195754792,155.75288499197077,84.24678844545834,121.88191188656083,122.47615547466532,129.89235191087127,165.19789465995675,124.80026766740528,188.96125826831332,128.15245772422793,135.4492585928852,156.4009021562994,146.20944233699817,99.07644706823164,160.0875820855674,105.14830409883308,143.03406709013308,144.02933395855345,156.45649856561593,148.99746555173994,126.15372123847155,148.3084346428335,131.65594292771513,142.90191169093802,136.27135631753282,169.99650277555517,171.8175130348079,142.31678226829527,123.10958997425526,143.36399987984748,180.42493089686133,137.0734028781647,96.8681219771859
2013-01-01,175.54038285086324,128.3970787711906,137.982395880239,148.3815352459454,170.34305881441355,138.02461403262632,140.87748322373656,292.28884459739453,154.80677873587348,149.9885198123485,113.15722401792335,229.03976451123356,134.06778506951525,146.01552219513167,119.4872521003396,117.40059746213147,132.02604335937872,130.20706977247752,154.39088502193013,146.97755711442608,178.60613932103297,157.47101362908293,93.4233816818083,130.89423757197352,126.55025916888495,131.6433852122084,172.76656041315897,128.54888446807274,202.13692059632407,131.4242101232188,139.33337675663378,158.544432609995,147.03684217948063,122.64283442665274,161.7485208986254,107.57903835142628,145.82329486298505,158.764505957546,158.5228744045206,151.963790388939,128.7644665228166,154.08907014528882,136.5254204935951,151.60358870580453,148.9276764512965,176.5356533369306,171.64283895280667,155.0097851707573,125.66457622731232,145.34272653261857,184.4879363812943,148.34201186924236,98.2870778608004
2014-01-01,177.61918735749552,130.06432269386488,137.47333525168182,156.12757063943766,185.88560175032592,147.04264686596557,139.22791529549792,305.7654049152994,156.99999910454918,160.45524010771152,120.89631049514412,241.1376367018914,135.78062956709348,151.92099813136664,123.79379834583892,119.5341906727156,134.8940583913013,131.90906251827002,155.91542997922804,152.11722824206043,180.08178685476085,158.22157573958893,99.81129670915443,135.48805223988788,129.32536606080177,132.05932881925176,178.63569468766605,130.50186280554695,213.19871175229963,134.17719974367668,143.08268787538816,159.9257723766053,146.83669364167883,137.3336759837106,163.23870235354366,110.59157792546743,148.5541490699583,168.7994394092853,159.0710222998445,155.66262902581178,131.8684022250632,157.14142621135554,140.86405013736376,161.29142787670392,154.2448222800783,179.48956084500932,169.91406179480273,163.65856407687502,128.00567437041514,147.9990476757434,188.46134293303626,155.4619793180303,99.8815134216814
2015-01-01,182.58059717294162,133.5132149343833,140.67154185361665,165.97995323333333,199.15210633352498,162.36988925050835,139.4955562275167,323.5938105260333,160.03469256804993,175.40814430024173,128.76159733703332,252.56410213517498,139.76218359919997,161.07383301994165,126.98172720023335,123.81486500742501,139.6844908551333,136.39667518576667,161.33604603116666,158.25129094288334,182.13916112710834,163.19714040039997,105.44759401239163,140.66271313269996,134.77219053710002,134.89932411830003,185.5576418660417,136.8381112316,222.32043576304164,140.167421889275,149.06235821281666,162.25511587859165,149.60797316546666,150.44581878045835,167.2751265918083,114.47937551014165,154.4999674253917,183.17830157899994,161.74216719333333,161.29543391495,138.9057976702833,164.063237922325,147.53852098259998,173.41903347771665,163.4266871442333,182.89931399803328,172.91579638546668,178.879597364675,131.98937770416663,150.75129252417503,194.68565642178328,163.85046574823332,100.0
2016-01-01,183.5788984529576,136.45766692995645,142.74910027691976,175.7355317138665,211.4317434781915,176.6832573302951,138.413277378576,337.2804634893774,161.78992800202099,190.89391034057144,136.28852362766838,265.1748480985022,143.58609806143812,172.19747232889185,130.5036483148772,127.5863622867537,144.6576296001601,140.88590833367408,164.8179418620547,164.8911791682001,185.1221131181634,168.19732041704773,110.66244145833022,146.59841821301214,140.44822824218636,137.01740919835316,192.39091575309024,143.02374017496484,224.79842372241183,144.52684869632913,153.57775911412642,163.36888944760724,152.60910855308484,162.45603873886685,172.10418195082576,118.85281352891963,155.64409739465617,201.19857368976196,164.93128531204158,168.78321886621058,144.73522626976649,169.36039858845137,154.81581833705988,183.39754893297862,174.2097545025048,186.47177204569923,173.32480371991505,196.91070378948962,137.21532429948405,150.5305640548641,194.50346328630704,171.9978134823765,101.261583205705
2017-01-01,182.2368188957067,138.94031473149838,145.3882216651156,185.98109531710818,223.22238911720336,189.66646725308405,139.26130149265822,347.44341199785725,162.56357445174945,204.36612427545336,142.9415512994666,273.3321787623067,146.36398727151362,184.61092576481698,133.36231606815204,131.8205551887514,148.6015040294921,146.03446362840813,166.5912753537495,172.48001651992078,189.7398844378174,174.75168080568213,117.00821132469838,152.77177085998593,144.75137027196345,137.65722137505372,199.62303266640032,149.5192188386591,223.0994580171847,150.83219128191385,160.25605526181602,166.41797665025095,155.95944257852514,175.40645965092034,178.24411920968427,123.10098396937285,158.12354215177018,214.24329668667426,168.43438816583466,176.23880564062992,150.4113230019889,173.2637022825397,163.2507934483815,192.32741335557117,186.06134200739817,189.80476474060504,177.0190766504706,217.21925373295915,141.9879815861275,149.72154294077313,194.7390825052426,180.012107460647,103.418566319434
2018-01-01,179.8958334245593,143.23333340596756,147.80083340828375,196.40500009959783,233.45666678505353,200.57416676837866,139.2625000706206,361.0508335164237,166.5358334177844,214.6458334421811,152.14500007715338,277.60666680744214,149.1016667422768,202.9366667695767,134.2550000680813,138.25750007011092,152.17083341049982,149.98583340939177,165.820000084088,178.3733334237872,192.22833343081314,180.80250009168574,122.63916672885749,158.0241667468014,149.86250007599588,139.36250007067133,208.2425001056007,156.2341667458937,220.66666677856765,155.89333341238756,165.84583341743448,169.30416675252155,158.79083341385683,195.57250009917567,183.96083342662064,127.54166673134362,159.85500008106317,222.40083344611372,172.64166675421401,184.28916676012045,157.05750007964448,178.13750009033427,170.58916675317315,198.55416676735433,200.58333343504995,192.75333343107937,181.24666675857765,233.4900001184038,147.6583334082115,150.34750007624186,197.21250010000733,187.1283334282269,105.944650946275
